"organism","Limb_width","Limb_length","Observer","limb_volume"
"""Bos gaurus""",3.01025008246001,17.5901228819913,"""Charles Darwin""",125.18834806001
"""Antelope cervicapra""",2.78415043464534,55.5968868082307,"""Charles Darwin""",338.474340065792
"""Gazella bennettii""",3.12333179837579,51.6948089356007,"""Charles Darwin""",396.071015019798
"""Boselaphus tragocamelus""",3.46706389750871,46.7402305932225,"""Charles Darwin""",441.270021105286
"""Canis lupus""",1.20184566320544,57.7170406224643,"""Charles Darwin""",65.4773866993739
"""Bos gaurus""",2.65463593607166,36.9234969321032,"""Charles Darwin""",204.36317673752
"""Antelope cervicapra""",3.60632226899765,37.0404471582397,"""Charles Darwin""",378.351246895257
"""Gazella bennettii""",4.13900590988935,42.2233467784514,"""Charles Darwin""",568.112870827597
"""Boselaphus tragocamelus""",2.26470259472148,36.377022977857,"""Charles Darwin""",146.534332757817
"""Canis lupus""",3.12453576724687,34.2810906313627,"""Charles Darwin""",262.854558230618
"""Bos gaurus""",2.73664820579162,72.0721927900086,"""Charles Darwin""",423.931377698008
"""Antelope cervicapra""",3.06255345384268,12.3196561652899,"""Charles Darwin""",90.7519203545627
"""Gazella bennettii""",2.84451292662482,38.6087936008217,"""Charles Darwin""",245.35331849495
"""Boselaphus tragocamelus""",3.54876717860919,19.7458849026635,"""Charles Darwin""",195.308659053901
"""Canis lupus""",2.82008883182776,30.1349659866092,"""Charles Darwin""",188.228839345646
"""Bos gaurus""",3.47782561050974,49.2672416400183,"""Charles Darwin""",468.019266598489
"""Antelope cervicapra""",5.06713147203599,39.6595771208126,"""Charles Darwin""",799.764837163125
"""Gazella bennettii""",3.46879448871196,6.93230303239094,"""Charles Darwin""",65.5125586016551
"""Boselaphus tragocamelus""",1.82295525506493,43.3476606112067,"""Charles Darwin""",113.137756783494
"""Canis lupus""",2.54154553679828,38.1456831303575,"""Charles Darwin""",193.522323155989
"""Bos gaurus""",2.07562896851778,27.6500825314672,"""Charles Darwin""",93.5590406463199
"""Antelope cervicapra""",3.70075584520403,62.2812303806861,"""Charles Darwin""",669.927695689901
"""Gazella bennettii""",4.62785931966973,30.1935948154185,"""Charles Darwin""",507.884549429386
"""Boselaphus tragocamelus""",3.29955927512866,-0.401006402947765,"""Charles Darwin""",-3.42888609058308
"""Canis lupus""",3.62441351759318,19.5755748377072,"""Charles Darwin""",201.966755277146
"""Bos gaurus""",0.026607489344451,33.3195278338027,"""Charles Darwin""",0.0185266336441703
"""Antelope cervicapra""",2.77986458946014,24.6083543175053,"""Charles Darwin""",149.354989438662
"""Gazella bennettii""",3.26347979527239,17.6648112941152,"""Charles Darwin""",147.761312561303
"""Boselaphus tragocamelus""",4.24693156422278,26.8747754514529,"""Charles Darwin""",380.702081308247
"""Canis lupus""",4.0440275860721,12.7630902531643,"""Charles Darwin""",163.935851416848
"""Bos gaurus""",2.73771005039522,45.727472887693,"""Charles Darwin""",269.179500498016
"""Antelope cervicapra""",4.20459952702519,22.0354091322408,"""Charles Darwin""",305.956915601125
"""Gazella bennettii""",3.58504181083033,40.1068748510042,"""Charles Darwin""",404.852806542976
"""Boselaphus tragocamelus""",2.88705446416432,38.5926564503362,"""Gregor Mendel""",252.641393775436
"""Canis lupus""",4.0677226069546,35.56251780196,"""Gregor Mendel""",462.152216992056
"""Bos gaurus""",3.32825214791054,41.3323555670007,"""Gregor Mendel""",359.594035913051
"""Antelope cervicapra""",2.54624161956261,21.0551865437011,"""Gregor Mendel""",107.213185556579
"""Gazella bennettii""",3.13017223609118,53.8950356527209,"""Gregor Mendel""",414.73922804582
"""Boselaphus tragocamelus""",2.66296442674606,61.8040820790397,"""Gregor Mendel""",344.221324918433
"""Canis lupus""",4.62595117194767,50.7016741831053,"""Gregor Mendel""",852.14651105899
"""Bos gaurus""",3.73779333503793,22.2381264284884,"""Gregor Mendel""",244.016192817212
"""Antelope cervicapra""",3.81541634767093,63.6432134666941,"""Gregor Mendel""",727.655562427159
"""Gazella bennettii""",2.28128206298727,29.358802935604,"""Gregor Mendel""",120.001367939458
"""Boselaphus tragocamelus""",3.63637670670797,23.5268420043829,"""Gregor Mendel""",244.33813333135
"""Canis lupus""",2.66833722704279,39.2011011169953,"""Gregor Mendel""",219.214651772476
"""Bos gaurus""",3.05327361456088,44.384213228188,"""Gregor Mendel""",324.974928270766
"""Antelope cervicapra""",3.5885786134768,57.161754244137,"""Gregor Mendel""",578.149772337442
"""Gazella bennettii""",6.30523429526826,11.5645906241966,"""Gregor Mendel""",361.095938225726
"""Boselaphus tragocamelus""",3.68668498581402,37.5914579438455,"""Gregor Mendel""",401.283323353965
"""Canis lupus""",3.60320978902306,42.4174065152014,"""Gregor Mendel""",432.526867702027
"""Bos gaurus""",3.23298191709201,28.8934291841841,"""Gregor Mendel""",237.189533544277
"""Antelope cervicapra""",1.59445034080359,53.3163616254095,"""Gregor Mendel""",106.456548541792
"""Gazella bennettii""",3.50335111392069,54.2443242647186,"""Gregor Mendel""",522.891420179895
"""Boselaphus tragocamelus""",2.68080481182187,52.3599443254569,"""Gregor Mendel""",295.542162093181
"""Canis lupus""",1.4741888814562,61.882335211084,"""Gregor Mendel""",105.624055410099
"""Bos gaurus""",2.3804204084077,14.0156065018183,"""Gregor Mendel""",62.3747915477517
"""Antelope cervicapra""",3.93342129458533,48.1029963688423,"""Gregor Mendel""",584.524797778749
"""Gazella bennettii""",2.97931901033623,21.966414709712,"""Gregor Mendel""",153.138036851809
"""Boselaphus tragocamelus""",3.41933307607636,24.6751743655134,"""Gregor Mendel""",226.585923601309
"""Canis lupus""",3.43920620917467,21.6508247536544,"""Gregor Mendel""",201.131808441556
"""Bos gaurus""",1.56384821334088,25.7462114711813,"""Gregor Mendel""",49.4529735106402
"""Antelope cervicapra""",1.86032278546278,52.7082472890195,"""Gregor Mendel""",143.26663715666
"""Gazella bennettii""",3.05383453202587,42.9722895283099,"""Gregor Mendel""",314.752637418223
"""Boselaphus tragocamelus""",2.33039878404006,32.647166113859,"""Gregor Mendel""",139.250210509955
"""Canis lupus""",4.92583834986016,47.0547612144727,"""Gregor Mendel""",896.71362042385
"""Bos gaurus""",3.57009299476902,31.6673124399267,"""Gregor Mendel""",317.00064516885
"""Antelope cervicapra""",3.00779334722243,48.3758323656148,"""Robert Hooke""",343.727532827719
"""Gazella bennettii""",3.24404825597677,38.0570617525556,"""Robert Hooke""",314.557285185383
"""Boselaphus tragocamelus""",2.64409855650697,30.7719373112832,"""Robert Hooke""",168.966262831359
"""Canis lupus""",3.21726650560936,32.3197900185089,"""Robert Hooke""",262.743806294423
"""Bos gaurus""",1.41491751597739,42.5658161761335,"""Robert Hooke""",66.928808334578
"""Antelope cervicapra""",2.52505545426359,55.6086841554488,"""Robert Hooke""",278.467387724291
"""Gazella bennettii""",3.65525329487102,55.7671554910677,"""Robert Hooke""",585.198667996014
"""Boselaphus tragocamelus""",2.32314028307821,66.6521365282522,"""Robert Hooke""",282.523662521958
"""Canis lupus""",1.71264779736394,40.9372217677769,"""Robert Hooke""",94.3070951037995
"""Bos gaurus""",2.79678020689531,14.0998419321689,"""Robert Hooke""",86.6205227168853
"""Antelope cervicapra""",3.36085532245985,61.0238028063331,"""Robert Hooke""",541.363266835273
"""Gazella bennettii""",1.83316650856142,66.5942294171339,"""Robert Hooke""",175.764153830317
"""Boselaphus tragocamelus""",2.89772268418232,31.4074610471242,"""Robert Hooke""",207.126827057567
"""Canis lupus""",2.92786358991396,34.4855546334099,"""Robert Hooke""",232.182121121734
"""Bos gaurus""",3.39707048991136,56.4545681921471,"""Robert Hooke""",511.679583583329
"""Antelope cervicapra""",3.39693011357356,38.6498273375112,"""Robert Hooke""",350.276227410117
"""Gazella bennettii""",3.86463056990512,19.3745102969288,"""Robert Hooke""",227.267107934237
"""Boselaphus tragocamelus""",3.24495480338724,36.45232851447,"""Robert Hooke""",301.461920351803
"""Canis lupus""",3.13487382241779,17.207388414791,"""Robert Hooke""",132.814341681235
"""Bos gaurus""",4.09645532579848,29.8333257873198,"""Robert Hooke""",393.195010440912
"""Antelope cervicapra""",3.5384263907443,48.5603281761784,"""Robert Hooke""",477.520285371509
"""Gazella bennettii""",3.49661335371171,3.62173256227763,"""Robert Hooke""",34.7777501256756
"""Boselaphus tragocamelus""",2.65265273316061,43.2539156228055,"""Robert Hooke""",239.043042534745
"""Canis lupus""",3.53399994515102,38.6180127282034,"""Robert Hooke""",378.802537508128
"""Bos gaurus""",4.72985624202079,28.8090393868678,"""Robert Hooke""",506.191141872563
"""Antelope cervicapra""",2.88589544275797,54.0408361119015,"""Robert Hooke""",353.486738911065
"""Gazella bennettii""",1.74666310053687,66.7995831213705,"""Robert Hooke""",160.059672771506
"""Boselaphus tragocamelus""",1.83848798264909,-3.34497804819283,"""Robert Hooke""",-8.87983189601009
"""Canis lupus""",2.08746263629768,34.8292325767194,"""Robert Hooke""",119.198614718203
"""Bos gaurus""",3.36419038675297,67.5549669076334,"""Robert Hooke""",600.493482195757
"""Antelope cervicapra""",3.53071278561839,40.1014553952853,"""Robert Hooke""",392.622149685421
"""Gazella bennettii""",2.67001875043819,61.1504971289022,"""Robert Hooke""",342.387969053396
"""Boselaphus tragocamelus""",3.27565315590673,19.154864838099,"""Robert Hooke""",161.422769180857
"""Canis lupus""",4.35379881070044,43.3592900806814,"""Robert Hooke""",645.518594801823
